{
  "id": "1.12-OptiFine_HD_U_C3",
  "time": "2018-01-15T05:09:31-06:00",
  "releaseTime": "2017-06-02T07:50:27-06:00",
  "type": "release",
  "minecraftArguments": "--username ${auth_player_name} --version ${version_name} --gameDir ${game_directory} --assetsDir ${assets_root} --assetIndex ${assets_index_name} --uuid ${auth_uuid} --accessToken ${auth_access_token} --userType ${user_type} --versionType ${version_type}  --tweakClass optifine.OptiFineTweaker",
  "libraries": [
    {
      "name": "optifine:OptiFine:1.12_HD_U_C3"
    },
    {
      "name": "net.minecraft:launchwrapper:1.12"
    }
  ],
  "mainClass": "net.minecraft.launchwrapper.Launch",
  "minimumLauncherVersion": 18,
  "assets": "1.12",
  "downloads": {
    "client": {
      "url": "https://launcher.mojang.com/mc/game/1.12/client/909823f9c467f9934687f136bc95a667a0d19d7f/client.jar",
      "sha1": "909823f9c467f9934687f136bc95a667a0d19d7f",
      "size": 10177098
    },
    "server": {
      "url": "https://launcher.mojang.com/mc/game/1.12/server/8494e844e911ea0d63878f64da9dcc21f53a3463/server.jar",
      "sha1": "8494e844e911ea0d63878f64da9dcc21f53a3463",
      "size": 30202458
    }
  },
  "assetIndex": {
    "totalSize": 127453671,
    "id": "1.12",
    "known": true,
    "url": "https://launchermeta.mojang.com/mc/assets/1.12/98c430c16a705f18a58a281b27caabf3ef09d40d/1.12.json",
    "sha1": "98c430c16a705f18a58a281b27caabf3ef09d40d",
    "size": 169253
  },
  "inheritsFrom": "1.12"
}